Tag,Url,HTTP Code,Redirected,New Url
LenovoRegisterWebsite, http://www.lenovo.com/registration/index.html, 301, 
FeedbackURL, https://www.surveymonkey.com/s/LSCremove, 301, 
FeedbackLSCURL, https://www.surveymonkey.com/s/LenovoSolutionCtr, 301, 
AntivirusIdeaURL, http://www.mcafee.com/lenovotrialVSP, 301, http://home.mcafee.com/StaticGenericPage.aspx?page=cookienotsupported&url=%2froot%2fcampaign.aspx%3fcid%3d66511%26ctst%3d1
AntivirusThinkURL, http://www.norton.com/lenovo_download, 301, http://us.norton.com/support/oem/lenovo/lenovo_nis2010_oem.htm
PredictiveCheckURL, http://download.lenovo.com/ibmdl/pub/pc/pccbbs/thinkvantage_en/LSC/predictive/productList.xml, 404, 
LSCUpdateURL, http://download.lenovo.com/ibmdl/pub/pc/pccbbs/thinkvantage_en/LSC/updates/update.xml, 301, 
LenovoBlog_ru, http://lenovo.com/ru/, 301, http://www.lenovo.com/ru/ru/
LenovoBlog_fr, http://lenovo.com/fr/, 301, http://www.lenovo.com/fr/fr/
LenovoBlog_en, http://lenovo.com/en/, 404, 
LenovoBlog_en, http://lenovo.com/en/, 404, 
LenovoBlog_pt, http://lenovo.com/pt/, 301, http://www.lenovo.com/us/en/
LenovoBlog_en, http://lenovo.com/en/, 404, 
LenovoBlog_zh, http://lenovo.com/zh/, 404, 
LenovoBlog_de, http://lenovo.com/de/, 301, http://www.lenovo.com/de/de/
LenovoBlog_ja, http://lenovo.com/ja/, 404, 
LenovoBlog_it, http://lenovo.com/it/, 301, http://www.lenovo.com/it/it/
LenovoBlog_en, http://lenovo.com/en/, 404, 
LenovoBlog_zh, http://lenovo.com/zh/, 404, 
LenovoBlog_ko, http://lenovo.com/ko/, 301, http://www.lenovo.com/us/en/
LenovoBlog_pl, http://lenovo.com/pl/, 301, http://www.lenovo.com/pl/pl/
LenovoBlog_pt, http://lenovo.com/pt/, 301, http://www.lenovo.com/us/en/
LenovoBlog_zh, http://lenovo.com/zh/, 404, 
LenovoBlog_en, http://lenovo.com/en/, 404, 
LenovoBlog_es, http://lenovo.com/es/, 301, http://www.lenovo.com/es/es/
LenovoBlog_en, http://lenovo.com/en/, 404, 
LenovoWebSupport_da_DK, http://support.lenovo.com/en_DK/, 301, 
LenovoWebSupport_de_DE, http://support.lenovo.com/de_DE/, 301, 
LenovoWebSupport_en_US, http://support.lenovo.com/en_US/, 301, 
LenovoWebSupport_es_ES, http://support.lenovo.com/es_ES/, Unknown Reason, 
LenovoWebSupport_fi_FI, http://support.lenovo.com/en_FI/, 301, 
LenovoWebSupport_fr_FR, http://support.lenovo.com/fr_FR/, 301, 
LenovoWebSupport_it_IT, http://support.lenovo.com/it_IT/, Unknown Reason, 
LenovoWebSupport_ja_JP, http://support.lenovo.com/ja_JP/, 301, 
LenovoWebSupport_ko_KR, http://support.lenovo.com/ko_KR/, 301, 
LenovoWebSupport_nb_NO, http://support.lenovo.com/en_NO/, 301, 
LenovoWebSupport_nl_NL, http://support.lenovo.com/en_NL/, 301, 
LenovoWebSupport_pl_PL, http://support.lenovo.com/pl_PL/, 301, 
LenovoWebSupport_pt_BR, http://support.lenovo.com/pt_BR/, 301, 
LenovoWebSupport_pt_PT, http://support.lenovo.com/pt_PT/, Unknown Reason, 
LenovoWebSupport_ru_RU, http://support.lenovo.com/ru_RU/, 301, 
LenovoWebSupport_sv_SE, http://support.lenovo.com/en_SE/, 301, 
LenovoWebSupport_zh_CN, http://support.lenovo.com/zh_CN/, Unknown Reason, 
LenovoWebSupport_zh_HK, http://support.lenovo.com/zh_HK/, 301, 
LenovoWebSupport_zh_TW, http://support.lenovo.com/zh_TW/, 301, 
LenovoForum, http://forums.lenovo.com/, 301, 
LenovoVirtualAgent, http://www5.nohold.net/Lenovo/Loginr.aspx?pid=3&amp;login=1, 301, 
GoToWebsiteUpdateIdea_ru, http://consumersupport.lenovo.com/ru/DriversDownloads/drivers.html, 404, 
GoToWebsiteUpdateIdea_fr, http://consumersupport.lenovo.com/fr/DriversDownloads/drivers.html, 404, 
GoToWebsiteUpdateIdea_en, http://consumersupport.lenovo.com/en/DriversDownloads/drivers.html, 404, 
GoToWebsiteUpdateIdea_en, http://consumersupport.lenovo.com/en/DriversDownloads/drivers.html, 404, 
GoToWebsiteUpdateIdea_pt, http://consumersupport.lenovo.com/pt/DriversDownloads/drivers.html, 404, 
GoToWebsiteUpdateIdea_en, http://consumersupport.lenovo.com/en/DriversDownloads/drivers.html, 404, 
GoToWebsiteUpdateIdea_zh, http://consumersupport.lenovo.com/zh/DriversDownloads/drivers.html, 404, 
GoToWebsiteUpdateIdea_de, http://consumersupport.lenovo.com/de/DriversDownloads/drivers.html, 404, 
GoToWebsiteUpdateIdea_ja, http://consumersupport.lenovo.com/ja/DriversDownloads/drivers.html, 404, 
GoToWebsiteUpdateIdea_it, http://consumersupport.lenovo.com/it/DriversDownloads/drivers.html, 404, 
GoToWebsiteUpdateIdea_en, http://consumersupport.lenovo.com/en/DriversDownloads/drivers.html, 404, 
GoToWebsiteUpdateIdea_zh, http://consumersupport.lenovo.com/zh/DriversDownloads/drivers.html, 404, 
GoToWebsiteUpdateIdea_ko, http://consumersupport.lenovo.com/ko/DriversDownloads/drivers.html, 404, 
GoToWebsiteUpdateIdea_pl, http://consumersupport.lenovo.com/pl/DriversDownloads/drivers.html, 404, 
GoToWebsiteUpdateIdea_pt, http://consumersupport.lenovo.com/pt/DriversDownloads/drivers.html, 404, 
GoToWebsiteUpdateIdea_zh, http://consumersupport.lenovo.com/zh/DriversDownloads/drivers.html, 404, 
GoToWebsiteUpdateIdea_en, http://consumersupport.lenovo.com/en/DriversDownloads/drivers.html, 404, 
GoToWebsiteUpdateIdea_es, http://consumersupport.lenovo.com/es/DriversDownloads/drivers.html, 404, 
GoToWebsiteUpdateIdea_en, http://consumersupport.lenovo.com/en/DriversDownloads/drivers.html, 404, 
ProductRegistrationServerAdress_ru, http://www.onlineregister.com/lenovo/REST/serial/ru, 404, 
ProductRegistrationServerAdress_fr, http://www.onlineregister.com/lenovo/REST/serial/fr, 404, 
ProductRegistrationServerAdress_en, http://www.onlineregister.com/lenovo/REST/serial/en, 404, 
ProductRegistrationServerAdress_en, http://www.onlineregister.com/lenovo/REST/serial/en, 404, 
ProductRegistrationServerAdress_pt, http://www.onlineregister.com/lenovo/REST/serial/pt, 404, 
ProductRegistrationServerAdress_en, http://www.onlineregister.com/lenovo/REST/serial/en, 404, 
ProductRegistrationServerAdress_zh, http://www.onlineregister.com/lenovo/REST/serial/zh, 404, 
ProductRegistrationServerAdress_de, http://www.onlineregister.com/lenovo/REST/serial/de, 404, 
ProductRegistrationServerAdress_ja, http://www.onlineregister.com/lenovo/REST/serial/ja, 404, 
ProductRegistrationServerAdress_it, http://www.onlineregister.com/lenovo/REST/serial/it, 404, 
ProductRegistrationServerAdress_en, http://www.onlineregister.com/lenovo/REST/serial/en, 404, 
ProductRegistrationServerAdress_zh, http://www.onlineregister.com/lenovo/REST/serial/zh, 404, 
ProductRegistrationServerAdress_ko, http://www.onlineregister.com/lenovo/REST/serial/ko, 404, 
ProductRegistrationServerAdress_pl, http://www.onlineregister.com/lenovo/REST/serial/pl, 404, 
ProductRegistrationServerAdress_pt, http://www.onlineregister.com/lenovo/REST/serial/pt, 404, 
ProductRegistrationServerAdress_zh, http://www.onlineregister.com/lenovo/REST/serial/zh, 404, 
ProductRegistrationServerAdress_en, http://www.onlineregister.com/lenovo/REST/serial/en, 404, 
ProductRegistrationServerAdress_es, http://www.onlineregister.com/lenovo/REST/serial/es, 301, 
ProductRegistrationServerAdress_en, http://www.onlineregister.com/lenovo/REST/serial/en, 404, 
LenovoOnlineRepairThink, http://support1.lenovo.com.cn/lenovo/wsi/wsbx/think/, 301, 
LenovoOnlineRepairIdea, http://support1.lenovo.com.cn/lenovo/wsi/wsbx/lenovo/, 301, 
LenovoAsk, http://ask.lenovo.com.cn, 301, 
LenovoRobot, http://support3.lenovo.com.cn/indexx.jsp, 301, 
LenovoExpertOnline, http://serviceshop.lenovo.com.cn/tencent/jiasu.aspx, 301, 
LenovoMoreHelps, http://support.lenovo.com.cn, 301, http://support1.lenovo.com.cn/lenovo/wsi/index.html
GoToWebHelp_ru, http://download.lenovo.com/lenovo/lsc/help/src/locale/ru/index.html, 404, 
GoToWebHelp_fr, http://download.lenovo.com/lenovo/lsc/help/src/locale/fr/index.html, 404, 
GoToWebHelp_en, http://download.lenovo.com/lenovo/lsc/help/src/locale/en/index.html, 404, 
GoToWebHelp_en, http://download.lenovo.com/lenovo/lsc/help/src/locale/en/index.html, 404, 
GoToWebHelp_pt, http://download.lenovo.com/lenovo/lsc/help/src/locale/pt/index.html, 404, 
GoToWebHelp_en, http://download.lenovo.com/lenovo/lsc/help/src/locale/en/index.html, 404, 
GoToWebHelp_zh, http://download.lenovo.com/lenovo/lsc/help/src/locale/zh/index.html, 404, 
GoToWebHelp_de, http://download.lenovo.com/lenovo/lsc/help/src/locale/de/index.html, 404, 
GoToWebHelp_ja, http://download.lenovo.com/lenovo/lsc/help/src/locale/ja/index.html, 404, 
GoToWebHelp_it, http://download.lenovo.com/lenovo/lsc/help/src/locale/it/index.html, 404, 
GoToWebHelp_en, http://download.lenovo.com/lenovo/lsc/help/src/locale/en/index.html, 404, 
GoToWebHelp_zh, http://download.lenovo.com/lenovo/lsc/help/src/locale/zh/index.html, 404, 
GoToWebHelp_ko, http://download.lenovo.com/lenovo/lsc/help/src/locale/ko/index.html, 404, 
GoToWebHelp_pl, http://download.lenovo.com/lenovo/lsc/help/src/locale/pl/index.html, 404, 
GoToWebHelp_pt, http://download.lenovo.com/lenovo/lsc/help/src/locale/pt/index.html, 404, 
GoToWebHelp_zh, http://download.lenovo.com/lenovo/lsc/help/src/locale/zh/index.html, 404, 
GoToWebHelp_en, http://download.lenovo.com/lenovo/lsc/help/src/locale/en/index.html, 404, 
GoToWebHelp_es, http://download.lenovo.com/lenovo/lsc/help/src/locale/es/index.html, 404, 
GoToWebHelp_en, http://download.lenovo.com/lenovo/lsc/help/src/locale/en/index.html, 404, 
ShopBatteryURL_ru, http://shop.lenovo.com/SEUILibrary/controller/e/web/LenovoPortal/ru/catalog.workflow:find-compatible-items?category-id=4364BD0F20B94413B5AD6E684D2848E9&amp;model-number=ADAS234&amp;cat=1&amp;cid=ww:direct:Kt8Uos, 301, 
ShopBatteryURL_fr, http://shop.lenovo.com/SEUILibrary/controller/e/web/LenovoPortal/fr/catalog.workflow:find-compatible-items?category-id=4364BD0F20B94413B5AD6E684D2848E9&amp;model-number=ADAS234&amp;cat=1&amp;cid=ww:direct:Kt8Uos, 301, 
ShopBatteryURL_en, http://shop.lenovo.com/SEUILibrary/controller/e/web/LenovoPortal/en/catalog.workflow:find-compatible-items?category-id=4364BD0F20B94413B5AD6E684D2848E9&amp;model-number=ADAS234&amp;cat=1&amp;cid=ww:direct:Kt8Uos, 301, 
ShopBatteryURL_en, http://shop.lenovo.com/SEUILibrary/controller/e/web/LenovoPortal/en/catalog.workflow:find-compatible-items?category-id=4364BD0F20B94413B5AD6E684D2848E9&amp;model-number=ADAS234&amp;cat=1&amp;cid=ww:direct:Kt8Uos, 301, 
ShopBatteryURL_pt, http://shop.lenovo.com/SEUILibrary/controller/e/web/LenovoPortal/pt/catalog.workflow:find-compatible-items?category-id=4364BD0F20B94413B5AD6E684D2848E9&amp;model-number=ADAS234&amp;cat=1&amp;cid=ww:direct:Kt8Uos, 301, 
ShopBatteryURL_en, http://shop.lenovo.com/SEUILibrary/controller/e/web/LenovoPortal/en/catalog.workflow:find-compatible-items?category-id=4364BD0F20B94413B5AD6E684D2848E9&amp;model-number=ADAS234&amp;cat=1&amp;cid=ww:direct:Kt8Uos, 301, 
ShopBatteryURL_zh, http://shop.lenovo.com/SEUILibrary/controller/e/web/LenovoPortal/zh/catalog.workflow:find-compatible-items?category-id=4364BD0F20B94413B5AD6E684D2848E9&amp;model-number=ADAS234&amp;cat=1&amp;cid=ww:direct:Kt8Uos, 301, 
ShopBatteryURL_de, http://shop.lenovo.com/SEUILibrary/controller/e/web/LenovoPortal/de/catalog.workflow:find-compatible-items?category-id=4364BD0F20B94413B5AD6E684D2848E9&amp;model-number=ADAS234&amp;cat=1&amp;cid=ww:direct:Kt8Uos, 301, 
ShopBatteryURL_ja, http://shop.lenovo.com/SEUILibrary/controller/e/web/LenovoPortal/ja/catalog.workflow:find-compatible-items?category-id=4364BD0F20B94413B5AD6E684D2848E9&amp;model-number=ADAS234&amp;cat=1&amp;cid=ww:direct:Kt8Uos, 301, 
ShopBatteryURL_it, http://shop.lenovo.com/SEUILibrary/controller/e/web/LenovoPortal/it/catalog.workflow:find-compatible-items?category-id=4364BD0F20B94413B5AD6E684D2848E9&amp;model-number=ADAS234&amp;cat=1&amp;cid=ww:direct:Kt8Uos, 301, 
ShopBatteryURL_en, http://shop.lenovo.com/SEUILibrary/controller/e/web/LenovoPortal/en/catalog.workflow:find-compatible-items?category-id=4364BD0F20B94413B5AD6E684D2848E9&amp;model-number=ADAS234&amp;cat=1&amp;cid=ww:direct:Kt8Uos, 301, 
ShopBatteryURL_zh, http://shop.lenovo.com/SEUILibrary/controller/e/web/LenovoPortal/zh/catalog.workflow:find-compatible-items?category-id=4364BD0F20B94413B5AD6E684D2848E9&amp;model-number=ADAS234&amp;cat=1&amp;cid=ww:direct:Kt8Uos, 301, 
ShopBatteryURL_ko, http://shop.lenovo.com/SEUILibrary/controller/e/web/LenovoPortal/ko/catalog.workflow:find-compatible-items?category-id=4364BD0F20B94413B5AD6E684D2848E9&amp;model-number=ADAS234&amp;cat=1&amp;cid=ww:direct:Kt8Uos, 301, 
ShopBatteryURL_pl, http://shop.lenovo.com/SEUILibrary/controller/e/web/LenovoPortal/pl/catalog.workflow:find-compatible-items?category-id=4364BD0F20B94413B5AD6E684D2848E9&amp;model-number=ADAS234&amp;cat=1&amp;cid=ww:direct:Kt8Uos, 301, 
ShopBatteryURL_pt, http://shop.lenovo.com/SEUILibrary/controller/e/web/LenovoPortal/pt/catalog.workflow:find-compatible-items?category-id=4364BD0F20B94413B5AD6E684D2848E9&amp;model-number=ADAS234&amp;cat=1&amp;cid=ww:direct:Kt8Uos, 301, 
ShopBatteryURL_zh, http://shop.lenovo.com/SEUILibrary/controller/e/web/LenovoPortal/zh/catalog.workflow:find-compatible-items?category-id=4364BD0F20B94413B5AD6E684D2848E9&amp;model-number=ADAS234&amp;cat=1&amp;cid=ww:direct:Kt8Uos, 301, 
ShopBatteryURL_en, http://shop.lenovo.com/SEUILibrary/controller/e/web/LenovoPortal/en/catalog.workflow:find-compatible-items?category-id=4364BD0F20B94413B5AD6E684D2848E9&amp;model-number=ADAS234&amp;cat=1&amp;cid=ww:direct:Kt8Uos, 301, 
ShopBatteryURL_es, http://shop.lenovo.com/SEUILibrary/controller/e/web/LenovoPortal/es/catalog.workflow:find-compatible-items?category-id=4364BD0F20B94413B5AD6E684D2848E9&amp;model-number=ADAS234&amp;cat=1&amp;cid=ww:direct:Kt8Uos, 301, 
ShopBatteryURL_en, http://shop.lenovo.com/SEUILibrary/controller/e/web/LenovoPortal/en/catalog.workflow:find-compatible-items?category-id=4364BD0F20B94413B5AD6E684D2848E9&amp;model-number=ADAS234&amp;cat=1&amp;cid=ww:direct:Kt8Uos, 301, 
ShopMemoryURL_ru, http://shop.lenovo.com/SEUILibrary/controller/e/web/LenovoPortal/ru/catalog.workflow:find-compatible-items?category-id=20A0DF223E104135B445F3A1A8CE1F31&amp;model-number=ADAS234&amp;cat=1&amp;cid=ww:direct:Kt8Uos, 301, 
ShopMemoryURL_fr, http://shop.lenovo.com/SEUILibrary/controller/e/web/LenovoPortal/fr/catalog.workflow:find-compatible-items?category-id=20A0DF223E104135B445F3A1A8CE1F31&amp;model-number=ADAS234&amp;cat=1&amp;cid=ww:direct:Kt8Uos, 301, 
ShopMemoryURL_en, http://shop.lenovo.com/SEUILibrary/controller/e/web/LenovoPortal/en/catalog.workflow:find-compatible-items?category-id=20A0DF223E104135B445F3A1A8CE1F31&amp;model-number=ADAS234&amp;cat=1&amp;cid=ww:direct:Kt8Uos, 301, 
ShopMemoryURL_en, http://shop.lenovo.com/SEUILibrary/controller/e/web/LenovoPortal/en/catalog.workflow:find-compatible-items?category-id=20A0DF223E104135B445F3A1A8CE1F31&amp;model-number=ADAS234&amp;cat=1&amp;cid=ww:direct:Kt8Uos, 301, 
ShopMemoryURL_pt, http://shop.lenovo.com/SEUILibrary/controller/e/web/LenovoPortal/pt/catalog.workflow:find-compatible-items?category-id=20A0DF223E104135B445F3A1A8CE1F31&amp;model-number=ADAS234&amp;cat=1&amp;cid=ww:direct:Kt8Uos, 301, 
ShopMemoryURL_en, http://shop.lenovo.com/SEUILibrary/controller/e/web/LenovoPortal/en/catalog.workflow:find-compatible-items?category-id=20A0DF223E104135B445F3A1A8CE1F31&amp;model-number=ADAS234&amp;cat=1&amp;cid=ww:direct:Kt8Uos, 301, 
ShopMemoryURL_zh, http://shop.lenovo.com/SEUILibrary/controller/e/web/LenovoPortal/zh/catalog.workflow:find-compatible-items?category-id=20A0DF223E104135B445F3A1A8CE1F31&amp;model-number=ADAS234&amp;cat=1&amp;cid=ww:direct:Kt8Uos, 301, 
ShopMemoryURL_de, http://shop.lenovo.com/SEUILibrary/controller/e/web/LenovoPortal/de/catalog.workflow:find-compatible-items?category-id=20A0DF223E104135B445F3A1A8CE1F31&amp;model-number=ADAS234&amp;cat=1&amp;cid=ww:direct:Kt8Uos, 301, 
ShopMemoryURL_ja, http://shop.lenovo.com/SEUILibrary/controller/e/web/LenovoPortal/ja/catalog.workflow:find-compatible-items?category-id=20A0DF223E104135B445F3A1A8CE1F31&amp;model-number=ADAS234&amp;cat=1&amp;cid=ww:direct:Kt8Uos, 301, 
ShopMemoryURL_it, http://shop.lenovo.com/SEUILibrary/controller/e/web/LenovoPortal/it/catalog.workflow:find-compatible-items?category-id=20A0DF223E104135B445F3A1A8CE1F31&amp;model-number=ADAS234&amp;cat=1&amp;cid=ww:direct:Kt8Uos, 301, 
ShopMemoryURL_en, http://shop.lenovo.com/SEUILibrary/controller/e/web/LenovoPortal/en/catalog.workflow:find-compatible-items?category-id=20A0DF223E104135B445F3A1A8CE1F31&amp;model-number=ADAS234&amp;cat=1&amp;cid=ww:direct:Kt8Uos, 301, 
ShopMemoryURL_zh, http://shop.lenovo.com/SEUILibrary/controller/e/web/LenovoPortal/zh/catalog.workflow:find-compatible-items?category-id=20A0DF223E104135B445F3A1A8CE1F31&amp;model-number=ADAS234&amp;cat=1&amp;cid=ww:direct:Kt8Uos, 301, 
ShopMemoryURL_ko, http://shop.lenovo.com/SEUILibrary/controller/e/web/LenovoPortal/ko/catalog.workflow:find-compatible-items?category-id=20A0DF223E104135B445F3A1A8CE1F31&amp;model-number=ADAS234&amp;cat=1&amp;cid=ww:direct:Kt8Uos, 301, 
ShopMemoryURL_pl, http://shop.lenovo.com/SEUILibrary/controller/e/web/LenovoPortal/pl/catalog.workflow:find-compatible-items?category-id=20A0DF223E104135B445F3A1A8CE1F31&amp;model-number=ADAS234&amp;cat=1&amp;cid=ww:direct:Kt8Uos, 301, 
ShopMemoryURL_pt, http://shop.lenovo.com/SEUILibrary/controller/e/web/LenovoPortal/pt/catalog.workflow:find-compatible-items?category-id=20A0DF223E104135B445F3A1A8CE1F31&amp;model-number=ADAS234&amp;cat=1&amp;cid=ww:direct:Kt8Uos, 301, 
ShopMemoryURL_zh, http://shop.lenovo.com/SEUILibrary/controller/e/web/LenovoPortal/zh/catalog.workflow:find-compatible-items?category-id=20A0DF223E104135B445F3A1A8CE1F31&amp;model-number=ADAS234&amp;cat=1&amp;cid=ww:direct:Kt8Uos, 301, 
ShopMemoryURL_en, http://shop.lenovo.com/SEUILibrary/controller/e/web/LenovoPortal/en/catalog.workflow:find-compatible-items?category-id=20A0DF223E104135B445F3A1A8CE1F31&amp;model-number=ADAS234&amp;cat=1&amp;cid=ww:direct:Kt8Uos, 301, 
ShopMemoryURL_es, http://shop.lenovo.com/SEUILibrary/controller/e/web/LenovoPortal/es/catalog.workflow:find-compatible-items?category-id=20A0DF223E104135B445F3A1A8CE1F31&amp;model-number=ADAS234&amp;cat=1&amp;cid=ww:direct:Kt8Uos, 301, 
ShopMemoryURL_en, http://shop.lenovo.com/SEUILibrary/controller/e/web/LenovoPortal/en/catalog.workflow:find-compatible-items?category-id=20A0DF223E104135B445F3A1A8CE1F31&amp;model-number=ADAS234&amp;cat=1&amp;cid=ww:direct:Kt8Uos, 301, 
ShopStorage_ru, http://shop.lenovo.com/noind/ru/accessories/storage?cid=ww:direct:Kt8Uos, 404, 
ShopStorage_fr, http://shop.lenovo.com/noind/fr/accessories/storage?cid=ww:direct:Kt8Uos, 404, 
ShopStorage_en, http://shop.lenovo.com/noind/en/accessories/storage?cid=ww:direct:Kt8Uos, 404, 
ShopStorage_en, http://shop.lenovo.com/noind/en/accessories/storage?cid=ww:direct:Kt8Uos, 404, 
ShopStorage_pt, http://shop.lenovo.com/noind/pt/accessories/storage?cid=ww:direct:Kt8Uos, 404, 
ShopStorage_en, http://shop.lenovo.com/noind/en/accessories/storage?cid=ww:direct:Kt8Uos, 404, 
ShopStorage_zh, http://shop.lenovo.com/noind/zh/accessories/storage?cid=ww:direct:Kt8Uos, 404, 
ShopStorage_de, http://shop.lenovo.com/noind/de/accessories/storage?cid=ww:direct:Kt8Uos, 404, 
ShopStorage_ja, http://shop.lenovo.com/noind/ja/accessories/storage?cid=ww:direct:Kt8Uos, 404, 
ShopStorage_it, http://shop.lenovo.com/noind/it/accessories/storage?cid=ww:direct:Kt8Uos, 404, 
ShopStorage_en, http://shop.lenovo.com/noind/en/accessories/storage?cid=ww:direct:Kt8Uos, 404, 
ShopStorage_zh, http://shop.lenovo.com/noind/zh/accessories/storage?cid=ww:direct:Kt8Uos, 404, 
ShopStorage_ko, http://shop.lenovo.com/noind/ko/accessories/storage?cid=ww:direct:Kt8Uos, 404, 
ShopStorage_pl, http://shop.lenovo.com/noind/pl/accessories/storage?cid=ww:direct:Kt8Uos, 404, 
ShopStorage_pt, http://shop.lenovo.com/noind/pt/accessories/storage?cid=ww:direct:Kt8Uos, 404, 
ShopStorage_zh, http://shop.lenovo.com/noind/zh/accessories/storage?cid=ww:direct:Kt8Uos, 404, 
ShopStorage_en, http://shop.lenovo.com/noind/en/accessories/storage?cid=ww:direct:Kt8Uos, 404, 
ShopStorage_es, http://shop.lenovo.com/noind/es/accessories/storage?cid=ww:direct:Kt8Uos, 404, 
ShopStorage_en, http://shop.lenovo.com/noind/en/accessories/storage?cid=ww:direct:Kt8Uos, 404, 
ShopBatteryURL_da_DK, http://shop.lenovo.com/dkind/dk/en/accessories/batteries-power-adapters?cid=ww:direct:Kt8Uos, 301, http://shop.lenovo.com/SEUILibrary/controller/e2/dkweb/LenovoPortal/en_DK/en_DK/catalog.workflow:show-category-with-items?__followRobots=true&audience=batteries-power-adapters&category-id=4364BD0F20B94413B5AD6E684D2848E9&cid=ww%3Adirect%3AKt8Uos&current-catalog-id=E9826598B22D41149093EDDE766436B4&redir=y
ShopBatteryURL_de_DE, http://shop.lenovo.com/deweb/de/de/accessories/batteries-power-adapters?cid=ww:direct:Kt8Uos, 301, 
ShopBatteryURL_en_US, http://shop.lenovo.com/us/accessories/batteries-power-adapters?cid=ww:direct:Kt8Uos, 301, 
ShopBatteryURL_es_ES, http://shop.lenovo.com/esind/es/es/accessories/batteries-power-adapters?cid=ww:direct:Kt8Uos, 301, 
ShopBatteryURL_fi_FI, http://shop.lenovo.com/fiweb/fi/fi/accessories/batteries-power-adapters?cid=ww:direct:Kt8Uos, 301, 
ShopBatteryURL_fr_FR, http://shop.lenovo.com/frind/fr/fr/accessories/batteries-power-adapters?cid=ww:direct:Kt8Uos, 301, http://shop.lenovo.com/SEUILibrary/controller/e/frweb/LenovoPortal/fr_FR/catalog.workflow:show-category-with-items?__followRobots=true&audience=batteries-power-adapters&category-id=4364BD0F20B94413B5AD6E684D2848E9&cid=ww%3Adirect%3AKt8Uos&current-catalog-id=E9826598B22D41149093EDDE766436B4&redir=y
ShopBatteryURL_it_IT, http://shop.lenovo.com/itind/it/it/accessories/batteries-power-adapters?cid=ww:direct:Kt8Uos, 301, 
ShopBatteryURL_ja_JP, http://shopap.lenovo.com/jp/accessories/batteries-power-adapters?cid=ww:direct:Kt8Uos, 301, 
ShopBatteryURL_ko_KR, http://shopap.lenovo.com/kr/ko/accessories/batteries-power-adapters?cid=ww:direct:Kt8Uos, 301, 
ShopBatteryURL_nb_NO, http://shop.lenovo.com/noind/no/en/accessories/batteries-power-adapters?cid=ww:direct:Kt8Uos, 301, 
ShopBatteryURL_nl_NL, http://shop.lenovo.com/nlind/nl/en/accessories/batteries-power-adapters?cid=ww:direct:Kt8Uos, 301, http://shop.lenovo.com/SEUILibrary/controller/e2/nlweb/LenovoPortal/en_NL/en_NL/catalog.workflow:show-category-with-items?__followRobots=true&audience=batteries-power-adapters&category-id=4364BD0F20B94413B5AD6E684D2848E9&cid=ww%3Adirect%3AKt8Uos&current-catalog-id=E9826598B22D41149093EDDE766436B4&redir=y
ShopBatteryURL_pl_PL, http://shop.lenovo.com/pl/pl/accessories/batteries-power-adapters?cid=ww:direct:Kt8Uos, 301, 
ShopBatteryURL_pt_BR, http://shop.lenovo.com/brweb/br/pt/acessorios/energia?cid=ww:direct:Kt8Uos, 301, http://shop.lenovo.com/br/pt/acessorios/energia/?cid=ww:direct:Kt8Uos
ShopBatteryURL_ru_RU, http://shopap.lenovo.com/ru/ru/accessories/batteries-power-adapters?cid=ww:direct:Kt8Uos, 301, 
ShopBatteryURL_sv_SE, http://shop.lenovo.com/seind/se/en/accessories/batteries-power-adapters?cid=ww:direct:Kt8Uos, 404, 
ShopBatteryURL_zh_CN, http://shop.lenovo.com.cn/?cid=ww:direct:Kt8Uos, 301, 
ShopBatteryURL_zh_HK, http://shopap.lenovo.com/hk/en/accessories/batteries-power-adapters?cid=ww:direct:Kt8Uos, 301, 
ShopBatteryURL_zh_TW, http://shopap.lenovo.com/tw/zh/accessories/batteries-power-adapters?cid=ww:direct:Kt8Uos, 301, 
ShopMemoryURL_da_DK, http://shop.lenovo.com/dkind/dk/en/accessories/memory?cid=ww:direct:Kt8Uos, 301, http://shop.lenovo.com/SEUILibrary/controller/e2/dkweb/LenovoPortal/en_DK/en_DK/catalog.workflow:show-category-with-items?__followRobots=true&audience=memory&category-id=20A0DF223E104135B445F3A1A8CE1F31&cid=ww%3Adirect%3AKt8Uos&current-catalog-id=E9826598B22D41149093EDDE766436B4&redir=y
ShopMemoryURL_de_DE, http://shop.lenovo.com/deweb/de/de/accessories/memory?cid=ww:direct:Kt8Uos, 301, 
ShopMemoryURL_en_US, http://shop.lenovo.com/us/accessories/memory?cid=ww:direct:Kt8Uos, 301, 
ShopMemoryURL_es_ES, http://shop.lenovo.com/esind/es/es/accessories/memory?cid=ww:direct:Kt8Uos, 301, 
ShopMemoryURL_fi_FI, http://shop.lenovo.com/fiind/fi/en/accessories/memory?cid=ww:direct:Kt8Uos, 301, 
ShopMemoryURL_fr_FR, http://shop.lenovo.com/frind/fr/fr/accessories/memory?cid=ww:direct:Kt8Uos, 301, http://shop.lenovo.com/SEUILibrary/controller/e/frweb/LenovoPortal/fr_FR/catalog.workflow:show-category-with-items?__followRobots=true&audience=memory&category-id=20A0DF223E104135B445F3A1A8CE1F31&cid=ww%3Adirect%3AKt8Uos&current-catalog-id=E9826598B22D41149093EDDE766436B4&redir=y
ShopMemoryURL_it_IT, http://shop.lenovo.com/itind/it/it/accessories/memory?cid=ww:direct:Kt8Uos, 301, 
ShopMemoryURL_ja_JP, http://shopap.lenovo.com/jp/accessories/memory?cid=ww:direct:Kt8Uos, 301, 
ShopMemoryURL_ko_KR, http://shopap.lenovo.com/kr/ko/accessories/memory?cid=ww:direct:Kt8Uos, 301, 
ShopMemoryURL_nb_NO, http://shop.lenovo.com/noind/no/en/accessories/memory?cid=ww:direct:Kt8Uos, 301, 
ShopMemoryURL_nl_NL, http://shop.lenovo.com/nlind/nl/en/accessories/memory?cid=ww:direct:Kt8Uos, 301, http://shop.lenovo.com/SEUILibrary/controller/e2/nlweb/LenovoPortal/en_NL/en_NL/catalog.workflow:show-category-with-items?__followRobots=true&audience=memory&category-id=20A0DF223E104135B445F3A1A8CE1F31&cid=ww%3Adirect%3AKt8Uos&current-catalog-id=E9826598B22D41149093EDDE766436B4&redir=y
ShopMemoryURL_pl_PL, http://shop.lenovo.com/pl/pl/accessories/memory?cid=ww:direct:Kt8Uos, 301, 
ShopMemoryURL_pt_BR, http://shop.lenovo.com/brweb/br/pt/acessorios/memorias?cid=ww:direct:Kt8Uos, 301, http://shop.lenovo.com/br/pt/acessorios/memorias/?cid=ww:direct:Kt8Uos
ShopMemoryURL_ru_RU, http://shopap.lenovo.com/ru/ru/accessories/memory?cid=ww:direct:Kt8Uos, 301, 
ShopMemoryURL_sv_SE, http://shop.lenovo.com/seind/se/en/accessories/memory?cid=ww:direct:Kt8Uos, 404, 
ShopMemoryURL_zh_CN, http://shop.lenovo.com.cn/?cid=ww:direct:Kt8Uos, 301, 
ShopMemoryURL_zh_HK, http://shopap.lenovo.com/hk/en/accessories/memory?cid=ww:direct:Kt8Uos, 301, 
ShopMemoryURL_zh_TW, http://shopap.lenovo.com/tw/zh/accessories/memory?cid=ww:direct:Kt8Uos, 301, 
ShopStorage_da_DK, http://shop.lenovo.com/dkind/dk/en/accessories/storage?cid=ww:direct:Kt8Uos, 301, http://shop.lenovo.com/SEUILibrary/controller/e2/dkweb/LenovoPortal/en_DK/en_DK/catalog.workflow:show-category-with-items?__followRobots=true&audience=storage&category-id=2478535BAB3C417CA9D77F5867D31462&cid=ww%3Adirect%3AKt8Uos&current-catalog-id=E9826598B22D41149093EDDE766436B4&redir=y
ShopStorage_de_DE, http://shop.lenovo.com/deweb/de/de/accessories/storage?cid=ww:direct:Kt8Uos, 301, 
ShopStorage_en_US, http://shop.lenovo.com/us/accessories/storage?cid=ww:direct:Kt8Uos, 301, 
ShopStorage_es_ES, http://shop.lenovo.com/esind/es/es/accessories/storage?cid=ww:direct:Kt8Uos, 301, 
ShopStorage_fi_FI, http://shop.lenovo.com/fiind/fi/en/accessories/storage?cid=ww:direct:Kt8Uos, 301, 
ShopStorage_fr_FR, http://shop.lenovo.com/frind/fr/fr/accessories/storage?cid=ww:direct:Kt8Uos, 301, http://shop.lenovo.com/SEUILibrary/controller/e/frweb/LenovoPortal/fr_FR/catalog.workflow:show-category-with-items?__followRobots=true&audience=storage&category-id=2478535BAB3C417CA9D77F5867D31462&cid=ww%3Adirect%3AKt8Uos&current-catalog-id=E9826598B22D41149093EDDE766436B4&redir=y
ShopStorage_it_IT, http://shop.lenovo.com/itind/it/it/accessories/storage?cid=ww:direct:Kt8Uos, 301, 
ShopStorage_ja_JP, http://shopap.lenovo.com/jp/accessories/storage?cid=ww:direct:Kt8Uos, 301, 
ShopStorage_ko_KR, http://shopap.lenovo.com/kr/ko/accessories/storage?cid=ww:direct:Kt8Uos, 301, 
ShopStorage_nb_NO, http://shop.lenovo.com/noind/no/en/accessories/storage?cid=ww:direct:Kt8Uos, 301, 
ShopStorage_nl_NL, http://shop.lenovo.com/nlind/nl/en/accessories/storage?cid=ww:direct:Kt8Uos, 301, http://shop.lenovo.com/SEUILibrary/controller/e2/nlweb/LenovoPortal/en_NL/en_NL/catalog.workflow:show-category-with-items?__followRobots=true&audience=storage&category-id=2478535BAB3C417CA9D77F5867D31462&cid=ww%3Adirect%3AKt8Uos&current-catalog-id=E9826598B22D41149093EDDE766436B4&redir=y
ShopStorage_pl_PL, http://shop.lenovo.com/pl/pl/accessories/storage?cid=ww:direct:Kt8Uos, 301, 
ShopStorage_pt_BR, http://shop.lenovo.com/brweb/br/pt/acessorios/armazenamento?cid=ww:direct:Kt8Uos, 301, http://shop.lenovo.com/br/pt/acessorios/armazenamento/?cid=ww:direct:Kt8Uos
ShopStorage_ru_RU, http://shopap.lenovo.com/ru/ru/accessories/storage?cid=ww:direct:Kt8Uos, 301, 
ShopStorage_sv_SE, http://shop.lenovo.com/seind/se/en/accessories/storage?cid=ww:direct:Kt8Uos, 404, 
ShopStorage_zh_CN, http://shop.lenovo.com.cn/?cid=ww:direct:Kt8Uos, 301, 
ShopStorage_zh_HK, http://shopap.lenovo.com/hk/en/accessories/storage?cid=ww:direct:Kt8Uos, 301, 
ShopStorage_zh_TW, http://shopap.lenovo.com/tw/zh/accessories/storage?cid=ww:direct:Kt8Uos, 301, 
EdgeAuthentecDownload_CN, http://think.lenovo.com.cn/support/driver/viewdriver.aspx?sn=ADAS234, 301, http://support1.lenovo.com.cn/lenovo/wsi/Modules/PageError.html?aspxerrorpath=/support/driver/viewdriver.aspx
ThinkAuthentecDownload_CN, http://think.lenovo.com.cn/support/driver/viewdriver.aspx?sn=ADAS234, 301, http://support1.lenovo.com.cn/lenovo/wsi/Modules/PageError.html?aspxerrorpath=/support/driver/viewdriver.aspx
EdgeValidityDownload_CN, http://think.lenovo.com.cn/support/driver/viewdriver.aspx?sn=ADAS234, 301, http://support1.lenovo.com.cn/lenovo/wsi/Modules/PageError.html?aspxerrorpath=/support/driver/viewdriver.aspx
ThinkValidityDownload_CN, http://think.lenovo.com.cn/support/driver/viewdriver.aspx?sn=ADAS234, 301, http://support1.lenovo.com.cn/lenovo/wsi/Modules/PageError.html?aspxerrorpath=/support/driver/viewdriver.aspx
PremiumSupportLearnMore_NA, https://lenovopfs.suth.com/annualfullcoverage.aspx?cid=ww:direct:Kt8Uos, 301, https://lenovopfs.suth.com/(X(1)S(5nb34f55rnsrjv45mhwzjvns))/annualfullcoverage.aspx?cid=ww:direct:Kt8Uos&AspxAutoDetectCookieSupport=1
PremiumSupportPrinterPeripheralSetup_NA, https://lenovopfs.suth.com/printerperipheral.aspx?cid=ww:direct:Kt8Uos, 301, https://lenovopfs.suth.com/(X(1)S(oqegaeytwk5toei3z2laklbo))/printerperipheral.aspx?cid=ww:direct:Kt8Uos&AspxAutoDetectCookieSupport=1
PremiumSupportBasicSoftwareInstallationService_NA, https://lenovopfs.suth.com/basicswinstall.aspx?cid=ww:direct:Kt8Uos, 301, https://lenovopfs.suth.com/(X(1)S(qg0nzs45dohrfj55jbxhcf45))/basicswinstall.aspx?cid=ww:direct:Kt8Uos&AspxAutoDetectCookieSupport=1
PremiumSupportPCPerformanceTuneup_NA, https://lenovopfs.suth.com/pcperformance.aspx?cid=ww:direct:Kt8Uos, 301, https://lenovopfs.suth.com/(X(1)S(jrmxtrioutd1vhvmiwuky3nx))/pcperformance.aspx?cid=ww:direct:Kt8Uos&AspxAutoDetectCookieSupport=1
PremiumSupportFilePrinterSharingService_NA, https://lenovopfs.suth.com/fileprintersharing.aspx?cid=ww:direct:Kt8Uos, 301, https://lenovopfs.suth.com/(X(1)S(fk4rvo45ksynfwuvzhxeo1yn))/fileprintersharing.aspx?cid=ww:direct:Kt8Uos&AspxAutoDetectCookieSupport=1
PremiumSupportOperatingSystemDataRecoveryService_NA, https://lenovopfs.suth.com/osanddatarecovery.aspx?cid=ww:direct:Kt8Uos, 301, https://lenovopfs.suth.com/(X(1)S(qvl5m355fgrixiab0umjb2ml))/osanddatarecovery.aspx?cid=ww:direct:Kt8Uos&AspxAutoDetectCookieSupport=1
PremiumSupportVirusRemovalService_NA, https://lenovopfs.suth.com/virusmalwareremoval.aspx?cid=ww:direct:Kt8Uos, 301, https://lenovopfs.suth.com/(X(1)S(qiw5qz55fkuq1p550s0e45uj))/virusmalwareremoval.aspx?cid=ww:direct:Kt8Uos&AspxAutoDetectCookieSupport=1
PremiumSupportNewPCSetupService_NA, https://lenovopfs.suth.com/newpcsetup.aspx?cid=ww:direct:Kt8Uos, 301, https://lenovopfs.suth.com/(X(1)S(zn43j055gczbcx45gcqrqg45))/newpcsetup.aspx?cid=ww:direct:Kt8Uos&AspxAutoDetectCookieSupport=1
PremiumSupportWirelessSecuritySetup_NA, https://lenovopfs.suth.com/wirelesssecurity.aspx?cid=ww:direct:Kt8Uos, 301, https://lenovopfs.suth.com/(X(1)S(kwxcso45i1k0oeu1axhrz0vy))/wirelesssecurity.aspx?cid=ww:direct:Kt8Uos&AspxAutoDetectCookieSupport=1
PremiumSupportConnectNetworkService_NA, https://lenovopfs.suth.com/connectnetwork.aspx?cid=ww:direct:Kt8Uos, 301, https://lenovopfs.suth.com/(X(1)S(bs2iiwqirpfme4mqephuae55))/connectnetwork.aspx?cid=ww:direct:Kt8Uos&AspxAutoDetectCookieSupport=1
PremiumSupportInternetPerformanceOptimization_NA, https://lenovopfs.suth.com/internetperformance.aspx?cid=ww:direct:Kt8Uos, 301, https://lenovopfs.suth.com/(X(1)S(vqg0nq454o0ud245t1nih3fy))/internetperformance.aspx?cid=ww:direct:Kt8Uos&AspxAutoDetectCookieSupport=1
PremiumSupportHomeOfficeNetworkSecuritySetup_NA, https://lenovopfs.suth.com/networkandsecurity.aspx?cid=ww:direct:Kt8Uos, 301, https://lenovopfs.suth.com/(X(1)S(zkug3z45w5xvtb55zjy3pl45))/networkandsecurity.aspx?cid=ww:direct:Kt8Uos&AspxAutoDetectCookieSupport=1
PremiumSupportWin8Training_NA, https://lenovopfs.suth.com/win8basic.aspx?cid=ww:direct:Kt8Uos, 301, https://lenovopfs.suth.com/(X(1)S(inv4ss45b1uubv554lpjuo55))/win8basic.aspx?cid=ww:direct:Kt8Uos&AspxAutoDetectCookieSupport=1
PremiumSupportWin8InstallationService_NA, https://lenovopfs.suth.com/win8install.aspx?cid=ww:direct:Kt8Uos, 301, https://lenovopfs.suth.com/(X(1)S(bahgslie0oxusiudk3kasb45))/win8install.aspx?cid=ww:direct:Kt8Uos&AspxAutoDetectCookieSupport=1
PremiumSupportWin8UpgradeDataRestoreService_NA, https://lenovopfs.suth.com/win8upgrade.aspx?cid=ww:direct:Kt8Uos, 301, https://lenovopfs.suth.com/(X(1)S(mpie1055hvid4incxhalj345))/win8upgrade.aspx?cid=ww:direct:Kt8Uos&AspxAutoDetectCookieSupport=1
PremiumSupportDataBackup_UK, http://shop.lenovo.com/gb/en/Premium-Support/databackup.html?cid=ww:direct:Kt8Uos, 301, 
PremiumSupportVirusRemovalService_UK, http://shop.lenovo.com/gb/en/Premium-Support/virusmalwareremoval.html?cid=ww:direct:Kt8Uos, 301, 
PremiumSupportSystemHealthCheck_UK, http://shop.lenovo.com/gb/en/Premium-Support/systemhealth.html?cid=ww:direct:Kt8Uos, 301, 
PremiumSupportSoftwareInstallation_UK, http://shop.lenovo.com/gb/en/Premium-Support/softwareload.html?cid=ww:direct:Kt8Uos, 301, 
PremiumSupportWin7Win8Installation_UK, http://shop.lenovo.com/gb/en/Premium-Support/win8-7.html?cid=ww:direct:Kt8Uos, 301, 
PremiumSupportMicrosoftOffice_UK, http://shop.lenovo.com/gb/en/Premium-Support/microsoft.html?cid=ww:direct:Kt8Uos, 301, 
PremiumSupportInstallingPeripheral_UK, http://shop.lenovo.com/gb/en/Premium-Support/printerperipheral.html?cid=ww:direct:Kt8Uos, 301, 
PremiumSupportWiFiPrinterSetup_UK, http://shop.lenovo.com/gb/en/Premium-Support/printer-wirelss.html?cid=ww:direct:Kt8Uos, 301, 
PremiumSupportDataBackup_IE, http://shop.lenovo.com/ie/en/Premium-Support/databackup.html?cid=ww:direct:Kt8Uos, 301, 
PremiumSupportVirusRemovalService_IE, http://shop.lenovo.com/ie/en/Premium-Support/virusmalwareremoval.html?cid=ww:direct:Kt8Uos, 301, 
PremiumSupportSystemHealthCheck_IE, http://shop.lenovo.com/ie/en/Premium-Support/systemhealth.html?cid=ww:direct:Kt8Uos, 301, 
PremiumSupportSoftwareInstallation_IE, http://shop.lenovo.com/ie/en/Premium-Support/softwareload.html?cid=ww:direct:Kt8Uos, 301, 
PremiumSupportWin7Win8Installation_IE, http://shop.lenovo.com/ie/en/Premium-Support/win8-7.html?cid=ww:direct:Kt8Uos, 301, 
PremiumSupportMicrosoftOffice_IE, http://shop.lenovo.com/ie/en/Premium-Support/microsoft.html?cid=ww:direct:Kt8Uos, 301, 
PremiumSupportInstallingPeripheral_IE, http://shop.lenovo.com/ie/en/Premium-Support/printerperipheral.html?cid=ww:direct:Kt8Uos, 301, 
PremiumSupportWiFiPrinterSetup_IE, http://shop.lenovo.com/ie/en/Premium-Support/printer-wirelss.html?cid=ww:direct:Kt8Uos, 301, 
PremiumSupportDataBackup_DE, http://shop.lenovo.com/de/de/Premium-Support/databackup.html?cid=ww:direct:Kt8Uos, 301, 
PremiumSupportVirusRemovalService_DE, http://shop.lenovo.com/de/de/Premium-Support/virusmalwareremoval.html?cid=ww:direct:Kt8Uos, 301, 
PremiumSupportSystemHealthCheck_DE, http://shop.lenovo.com/de/de/Premium-Support/systemhealth.html?cid=ww:direct:Kt8Uos, 301, 
PremiumSupportSoftwareInstallation_DE, http://shop.lenovo.com/de/de/Premium-Support/softwareload.html?cid=ww:direct:Kt8Uos, 301, 
PremiumSupportWin7Win8Installation_DE, http://shop.lenovo.com/de/de/Premium-Support/win8-7.html?cid=ww:direct:Kt8Uos, 301, 
PremiumSupportMicrosoftOffice_DE, http://shop.lenovo.com/de/de/Premium-Support/microsoft.html?cid=ww:direct:Kt8Uos, 301, 
PremiumSupportInstallingPeripheral_DE, http://shop.lenovo.com/de/de/Premium-Support/printerperipheral.html?cid=ww:direct:Kt8Uos, 301, 
PremiumSupportWiFiPrinterSetup_DE, http://shop.lenovo.com/de/de/Premium-Support/printer-wirelss.html?cid=ww:direct:Kt8Uos, 301, 
PremiumSupportDataBackup_AU, http://shop.lenovo.com/at/de/Premium-Support/databackup.html?cid=ww:direct:Kt8Uos, 301, 
PremiumSupportVirusRemovalService_AU, http://shop.lenovo.com/at/de/Premium-Support/virusmalwareremoval.html?cid=ww:direct:Kt8Uos, 301, 
PremiumSupportSystemHealthCheck_AU, http://shop.lenovo.com/at/de/Premium-Support/systemhealth.html?cid=ww:direct:Kt8Uos, 301, 
PremiumSupportSoftwareInstallation_AU, http://shop.lenovo.com/at/de/Premium-Support/softwareload.html?cid=ww:direct:Kt8Uos, 301, 
PremiumSupportWin7Win8Installation_AU, http://shop.lenovo.com/at/de/Premium-Support/win8-7.html?cid=ww:direct:Kt8Uos, 301, 
PremiumSupportMicrosoftOffice_AU, http://shop.lenovo.com/at/de/Premium-Support/microsoft.html?cid=ww:direct:Kt8Uos, 301, 
PremiumSupportInstallingPeripheral_AU, http://shop.lenovo.com/at/de/Premium-Support/printerperipheral.html?cid=ww:direct:Kt8Uos, 301, 
PremiumSupportWiFiPrinterSetup_AU, http://shop.lenovo.com/at/de/Premium-Support/printer-wirelss.html?cid=ww:direct:Kt8Uos, 301, 
CN_RescueAndRecovery, http://think.lenovo.com.cn/software/ThinkVantage.aspx, 301, http://support.lenovo.com/en_AU/detail.page?LegacyDocID=MIGR-61432
CN_WebSupportLink, http://think.lenovo.com.cn, 301, 
CN_LenovoForum, http://thinkbbs.lenovo.com.cn, 301, http://thinkbbs.lenovo.com.cn/forum.php
CN_VirtualAgent, http://chat.lenovo.com.cn, Forbidden, 
CN_Support, http://serviceshop.lenovo.com.cn, 301, 
CN_Shop_HardDrive, http://shop.lenovo.com.cn/?cid=ww:direct:Kt8Uos, 301, 
CN_Shop_Memory, http://shop.lenovo.com.cn/?cid=ww:direct:Kt8Uos, 301, 
CN_Shop_Battery, http://shop.lenovo.com.cn/?cid=ww:direct:Kt8Uos, 301, 
CN_AccesInternetConnection, http://think.lenovo.com.cn/software/ThinkVantage.aspx, 301, http://support.lenovo.com/en_AU/detail.page?LegacyDocID=MIGR-61432
CN_FingerprintDownload, http://think.lenovo.com.cn/software/ThinkVantage.aspx, 301, http://support.lenovo.com/en_AU/detail.page?LegacyDocID=MIGR-61432
CN_FingerprintDownload_TrueSuit, http://think.lenovo.com.cn/software/ThinkVantage.aspx, 301, http://support.lenovo.com/en_AU/detail.page?LegacyDocID=MIGR-61432
CN_TVSU, http://think.lenovo.com.cn/software/ThinkVantage.aspx, 301, http://support.lenovo.com/en_AU/detail.page?LegacyDocID=MIGR-61432
CN_PM_Download, http://think.lenovo.com.cn/software/ThinkVantage.aspxk, 404, 
LenovoPrivacyPolicy_da_DK, http://www.lenovo.com/privacy/dk/da/, 301, 
LenovoPrivacyPolicy_de_DE, http://www.lenovo.com/privacy/de/de/, 301, 
LenovoPrivacyPolicy_en_US, http://www.lenovo.com/privacy/us/en/, 301, 
LenovoPrivacyPolicy_es_ES, http://www.lenovo.com/privacy/es/es/, 301, 
LenovoPrivacyPolicy_fi_FI, http://www.lenovo.com/privacy/fi/en/, 301, 
LenovoPrivacyPolicy_fr_FR, http://www.lenovo.com/privacy/fr/fr/, 301, 
LenovoPrivacyPolicy_it_IT, http://www.lenovo.com/privacy/it/it/, 301, 
LenovoPrivacyPolicy_ja_JP, http://www.lenovo.com/privacy/jp/ja/, 301, 
LenovoPrivacyPolicy_ko_KR, http://www.lenovo.com/privacy/kr/ko/, 301, 
LenovoPrivacyPolicy_nb_NO, http://www.lenovo.com/privacy/no/no/, 301, 
LenovoPrivacyPolicy_nl_NL, http://www.lenovo.com/privacy/nl/en/, 301, 
LenovoPrivacyPolicy_pl_PL, http://www.lenovo.com/privacy/pl/pl/, 301, 
LenovoPrivacyPolicy_pt_BR, http://www.lenovo.com/privacy/br/pt/, 301, 
LenovoPrivacyPolicy_pt_PT, http://www.lenovo.com/privacy/us/en/, 301, 
LenovoPrivacyPolicy_ru_RU, http://www.lenovo.com/privacy/ru/ru/, 301, 
LenovoPrivacyPolicy_sv_SE, http://www.lenovo.com/privacy/se/sv/, 301, 
LenovoPrivacyPolicy_zh_CN, http://www.lenovo.com/privacy/cn/zh/, 301, 
LenovoPrivacyPolicy_zh_HK, http://www.lenovo.com/privacy/hk/en/, 301, 
LenovoPrivacyPolicy_zh_TW, http://www.lenovo.com/privacy/tw/zh/, 301, 
LenovoSettingsDependingPackageDownload, http://www.lenovo.com/support/windows8/settingsdependency, 301, http://download.lenovo.com/lenovo/content/windows8/settingsdependency.exe
